X,Y,SPECIES NAME
4536500,3059500,Acer pseudoplatanus
4206500,2760500,Acer pseudoplatanus
4317500,3300500,Acer pseudoplatanus
4159500,3159500,Acer pseudoplatanus
4165500,3019500,Acer pseudoplatanus
4365500,3462500,Acer pseudoplatanus
4486500,2775500,Acer pseudoplatanus
4418500,3198500,Acer pseudoplatanus
4269500,3425500,Acer pseudoplatanus
4412500,3426500,Acer pseudoplatanus
4202500,3030500,Acer pseudoplatanus
4073500,3123500,Acer pseudoplatanus
4188500,3052500,Acer pseudoplatanus
4364500,2856500,Acer pseudoplatanus
4508500,3074500,Acer pseudoplatanus
4155500,3143500,Acer pseudoplatanus
4131500,3001500,Acer pseudoplatanus
4446500,3445500,Acer pseudoplatanus
4390500,3193500,Acer pseudoplatanus
4318500,3040500,Acer pseudoplatanus
4204500,2930500,Acer pseudoplatanus
4414500,3222500,Acer pseudoplatanus
4304500,3221500,Acer pseudoplatanus
4092500,3110500,Acer pseudoplatanus
4365500,3378500,Betula pendula
4430500,3434500,Betula pendula
4227500,3312500,Betula pendula
4464500,3053500,Betula pendula
4233500,3290500,Betula pendula
4468500,3283500,Betula pendula
4203500,3312500,Betula pendula
4349500,3256500,Betula pendula
4281500,3301500,Betula pendula
4234500,3382500,Betula pendula
4248500,3355500,Betula pendula
4353500,3280500,Betula pendula
4313500,3434500,Betula pendula
4367500,3308500,Betula pendula
4501500,3482500,Betula pendula
4619500,3230500,Betula pendula
4321500,3424500,Betula pendula
4311500,3403500,Betula pendula
4229500,3290500,Betula pendula
4237500,3270500,Betula pendula
4449500,3389500,Betula pendula
4286500,3325500,Betula pendula
4617500,3201500,Betula pendula
4381500,3385500,Betula pendula
4545500,3399500,Betula pendula
4520500,3355500,Betula pendula
4279500,3429500,Betula pendula
4252500,3383500,Betula pendula
4307500,3405500,Betula pendula
4159500,3269500,Betula pendula
4258500,3341500,Betula pendula
4527500,3323000,Betula pendula
4251500,3279500,Betula pendula
4490500,3358500,Betula pendula
4309500,3401500,Betula pendula
4309500,3411500,Betula pendula
4095500,3078500,Betula pendula
4523500,3379500,Betula pendula
4578500,3391500,Betula pendula
4267500,3393500,Betula pendula
4483500,3466500,Betula pendula
4249500,3281500,Betula pendula
4526500,3053500,Betula pendula
4195500,3264500,Betula pendula
4249500,3273500,Betula pendula
4156500,3235500,Betula pendula
4591500,3430500,Betula pendula
4524500,3363500,Betula pendula
4299500,3263500,Betula pendula
4484500,3272500,Betula pendula
4256500,3347500,Betula pendula
4266500,3345500,Betula pendula
4400500,3153500,Betula pendula
4563500,3424500,Betula pendula
4209500,3290500,Betula pendula
4433500,3262500,Betula pendula
4311500,3409500,Betula pendula
4389500,3257500,Betula pendula
4239500,3264500,Betula pendula
4284500,3463500,Betula pendula
4515500,3176500,Betula pendula
4257500,3399500,Betula pendula
4265500,3277500,Betula pendula
4590500,3075500,Betula pendula
4230500,3370500,Betula pendula
4440500,3064500,Betula pendula
4158500,2919500,Betula pendula
4136500,3328500,Betula pendula
4252500,3387500,Betula pendula
4275500,3445500,Betula pendula
4199500,3304500,Betula pendula
4129500,3044500,Carpinus betulus
4333500,2844500,Carpinus betulus
4483500,3398500,Carpinus betulus
4242500,3049500,Carpinus betulus
4280500,3181500,Carpinus betulus
4369500,3240500,Carpinus betulus
4076500,3099500,Carpinus betulus
4224500,2732500,Carpinus betulus
4360500,3440500,Carpinus betulus
4350500,3028500,Fagus sylvatica
4295500,2825500,Fagus sylvatica
4304500,2753500,Fagus sylvatica
4405500,3163000,Fagus sylvatica
4293500,3429500,Fagus sylvatica
4189500,2998500,Fagus sylvatica
4314500,2900500,Fagus sylvatica
4163500,3019500,Fagus sylvatica
4206500,3046500,Fagus sylvatica
4193500,2846500,Fagus sylvatica
4424000,3014500,Fagus sylvatica
4294500,2785500,Fagus sylvatica
4228500,2898500,Fagus sylvatica
4453500,3407500,Fagus sylvatica
4252500,3217500,Fagus sylvatica
4505500,3462500,Fagus sylvatica
4171500,3018500,Fagus sylvatica
4157500,2725500,Fagus sylvatica
4554500,3356000,Fagus sylvatica
4305500,2997500,Fagus sylvatica
4578500,3393500,Fagus sylvatica
4444500,2998500,Fagus sylvatica
4336500,2790500,Fagus sylvatica
4306500,2911500,Fagus sylvatica
4125500,2932500,Fagus sylvatica
4529500,3085500,Fagus sylvatica
4227500,3138500,Fagus sylvatica
4280500,2793500,Fagus sylvatica
4423500,3382500,Fagus sylvatica
4282500,2915500,Fagus sylvatica
4160500,2907500,Fagus sylvatica
4147500,3135500,Fagus sylvatica
4174500,3054500,Fagus sylvatica
4251500,3145500,Fagus sylvatica
4289500,2815500,Fagus sylvatica
4365500,3400500,Fagus sylvatica
4283500,2819500,Fagus sylvatica
4331500,3444500,Fagus sylvatica
4355500,3460500,Fagus sylvatica
4296500,3177500,Fagus sylvatica
4497500,3398500,Fagus sylvatica
4558500,3500500,Fagus sylvatica
4396500,3367500,Fagus sylvatica
4551500,3484500,Fagus sylvatica
4274500,2935500,Fagus sylvatica
4301500,2823500,Fagus sylvatica
4562500,3438500,Fagus sylvatica
4232500,3206500,Fagus sylvatica
4289500,2993500,Fagus sylvatica
4311500,2821500,Fagus sylvatica
4357500,3038500,Fagus sylvatica
4204500,3135500,Fagus sylvatica
4170500,3028500,Fagus sylvatica
4131500,3039500,Fagus sylvatica
4447500,3447500,Fagus sylvatica
4378500,3345500,Fagus sylvatica
4526500,3341500,Fagus sylvatica
4184500,3066500,Fagus sylvatica
4355500,3450500,Fagus sylvatica
4273500,2801500,Fagus sylvatica
4114500,3022500,Fagus sylvatica
4125500,3046500,Fagus sylvatica
4363500,3454500,Fagus sylvatica
4248500,3225500,Fagus sylvatica
4493500,3452500,Fagus sylvatica
4139500,3227500,Fagus sylvatica
4346500,3462500,Fagus sylvatica
4373500,3390500,Fagus sylvatica
4111500,2940500,Fagus sylvatica
4233500,2848500,Fagus sylvatica
4375500,2876500,Fagus sylvatica
4287500,2809500,Fagus sylvatica
4327500,2710500,Fagus sylvatica
4295500,3137500,Fagus sylvatica
4389500,3163500,Fagus sylvatica
4066500,2955500,Fagus sylvatica
4214500,2780500,Fagus sylvatica
4324500,3090500,Fagus sylvatica
4118500,2950500,Fagus sylvatica
4491500,3396500,Fagus sylvatica
4166500,2773500,Fagus sylvatica
4415500,3408500,Fagus sylvatica
4243500,3161500,Fagus sylvatica
4202500,3046500,Fagus sylvatica
4576500,3393500,Fagus sylvatica
4130500,3204500,Fagus sylvatica
4143500,2963500,Fagus sylvatica
4475500,3457500,Fagus sylvatica
4106500,2999500,Fagus sylvatica
4284500,3237500,Fagus sylvatica
4276500,2799500,Fagus sylvatica
4050500,2994500,Fagus sylvatica
4243500,2837500,Fagus sylvatica
4092500,3098500,Fagus sylvatica
4319500,3454500,Fagus sylvatica
4272500,3209500,Fagus sylvatica
4269500,3437500,Fagus sylvatica
4340500,3464500,Fagus sylvatica
4353500,3162500,Fagus sylvatica
4073500,2981500,Fagus sylvatica
4438500,3426500,Fagus sylvatica
4124500,3096500,Fagus sylvatica
4268500,2795500,Fagus sylvatica
4400500,2849500,Fagus sylvatica
4409000,2965500,Fagus sylvatica
4223500,3296500,Fagus sylvatica
4289500,2843500,Fagus sylvatica
4443500,3394500,Fagus sylvatica
4164500,3029500,Fagus sylvatica
4236500,2920500,Fagus sylvatica
4194500,3054500,Fagus sylvatica
4170500,2743500,Fagus sylvatica
4322500,3036500,Fagus sylvatica
4160500,2920000,Fagus sylvatica
4285500,3021500,Fagus sylvatica
4291500,3157500,Fagus sylvatica
4303500,3145500,Fagus sylvatica
4127500,3050500,Fagus sylvatica
4290500,3525500,Fagus sylvatica
4202500,2918500,Fagus sylvatica
4380500,2849500,Fagus sylvatica
4173500,3012500,Fagus sylvatica
4522500,3341500,Fagus sylvatica
4172500,3206500,Fagus sylvatica
4389500,3163000,Fagus sylvatica
4467500,3397500,Fagus sylvatica
4532500,3371500,Fagus sylvatica
4099500,2929500,Fagus sylvatica
4278500,3089500,Fagus sylvatica
4198500,3026500,Fagus sylvatica
4335500,3100500,Fagus sylvatica
4407500,3377500,Fagus sylvatica
4307500,3121500,Fagus sylvatica
4189500,3290500,Fagus sylvatica
4344500,3046500,Fagus sylvatica
4530500,3369500,Fagus sylvatica
4522500,2764500,Fagus sylvatica
4254500,2733500,Fagus sylvatica
4251500,3121500,Fagus sylvatica
4077500,2970500,Fagus sylvatica
4497500,3388500,Fagus sylvatica
4554500,3444500,Fagus sylvatica
4246500,2789500,Fagus sylvatica
4391500,3375500,Fagus sylvatica
4140500,2915500,Fagus sylvatica
4474500,3429500,Fagus sylvatica
4502500,3430500,Fagus sylvatica
4242000,3044000,Fagus sylvatica
4407500,3169500,Fagus sylvatica
4267500,2819500,Fagus sylvatica
4291500,2817500,Fagus sylvatica
4479500,3465500,Fagus sylvatica
4556000,2857500,Fagus sylvatica
4251500,3113500,Fagus sylvatica
4281500,2825500,Fagus sylvatica
4203500,3110500,Fagus sylvatica
4302500,3511500,Fagus sylvatica
4116500,3104500,Fagus sylvatica
4591500,3438500,Fagus sylvatica
4081500,3054500,Fagus sylvatica
4538500,3363500,Fagus sylvatica
4113500,2976500,Fagus sylvatica
4335000,2788500,Fagus sylvatica
4219500,3138500,Fagus sylvatica
4470500,2903500,Fagus sylvatica
4325500,3134500,Fagus sylvatica
4358500,3138500,Fagus sylvatica
4293500,2805500,Fagus sylvatica
4574500,3096500,Fagus sylvatica
4307500,2809500,Fagus sylvatica
4130500,3140500,Fagus sylvatica
4314500,3460500,Fagus sylvatica
4463500,2867500,Fagus sylvatica
4402500,3429500,Fagus sylvatica
4280500,3237500,Fagus sylvatica
4347500,3132500,Fagus sylvatica
4288500,3233500,Fagus sylvatica
4373500,2878500,Fagus sylvatica
4558500,3358500,Fagus sylvatica
4173500,2954500,Fagus sylvatica
4071500,2977500,Fagus sylvatica
4189500,2806500,Fagus sylvatica
4274500,3091500,Fagus sylvatica
4318500,2916500,Fagus sylvatica
4313500,2827500,Fagus sylvatica
4088500,2990500,Fagus sylvatica
4552500,3359500,Fagus sylvatica
4501500,3386500,Fagus sylvatica
4155500,3015500,Fagus sylvatica
4530500,3371500,Fagus sylvatica
4271500,3433500,Fagus sylvatica
4203500,2868500,Fagus sylvatica
4160500,2915500,Fagus sylvatica
4180500,3234500,Fagus sylvatica
4087500,3020500,Fagus sylvatica
4287500,2817500,Fagus sylvatica
4178500,2924500,Fagus sylvatica
4288500,3201500,Fagus sylvatica
4371500,3164500,Fagus sylvatica
4247500,2811500,Fraxinus excelsior
4387500,3017500,Fraxinus excelsior
4288500,3213500,Fraxinus excelsior
4154500,2773500,Fraxinus excelsior
4396500,2985500,Fraxinus excelsior
4428500,2850500,Fraxinus excelsior
4275500,2827500,Fraxinus excelsior
4284500,3229500,Fraxinus excelsior
4294500,3513500,Fraxinus excelsior
4056500,2989500,Fraxinus excelsior
4538500,3375500,Fraxinus excelsior
4358500,3200500,Fraxinus excelsior
4481500,3399500,Fraxinus excelsior
4397500,3233500,Fraxinus excelsior
4513500,3232500,Fraxinus excelsior
4600500,3333500,Fraxinus excelsior
4113500,2896500,Fraxinus excelsior
4244500,2747500,Fraxinus excelsior
4329500,2846500,Fraxinus excelsior
4458500,3219500,Fraxinus excelsior
4304500,2769500,Fraxinus excelsior
4196500,2784500,Fraxinus excelsior
4095500,2979500,Fraxinus excelsior
4166500,3035500,Fraxinus excelsior
4349500,2826500,Fraxinus excelsior
4109500,2900500,Fraxinus excelsior
4304500,2779500,Fraxinus excelsior
4415500,3190500,Fraxinus excelsior
4355500,3116500,Fraxinus excelsior
4428500,3424500,Fraxinus excelsior
4330500,2926500,Fraxinus excelsior
4136500,3392500,Fraxinus excelsior
4552500,3440500,Fraxinus excelsior
4312500,2915500,Fraxinus excelsior
4373500,2718500,Fraxinus excelsior
4295500,3389500,Fraxinus excelsior
4476500,3143500,Fraxinus excelsior
4358500,3416500,Fraxinus excelsior
4360500,3430500,Fraxinus excelsior
4338500,2914500,Fraxinus excelsior
4428500,3426500,Fraxinus excelsior
4153500,2961500,Fraxinus excelsior
4552500,3417500,Fraxinus excelsior
4135500,3368500,Fraxinus excelsior
4335500,3132500,Fraxinus excelsior
4169500,2834500,Fraxinus excelsior
4468500,3143500,Fraxinus excelsior
4332500,2920500,Fraxinus excelsior
4406500,2749500,Fraxinus excelsior
4136500,3021500,Fraxinus excelsior
4350500,3468500,Fraxinus excelsior
4536500,3301500,Fraxinus excelsior
4377500,3034500,Fraxinus excelsior
4292500,2751500,Fraxinus excelsior
4525500,3381500,Fraxinus excelsior
4428500,3002500,Fraxinus excelsior
4533500,3473500,Fraxinus excelsior
4481500,3447500,Picea abies
4211500,3102500,Picea abies
4542500,3433500,Picea abies
4379500,2717500,Picea abies
4296500,2877500,Picea abies
4167500,3138500,Picea abies
4360500,3050500,Picea abies
4186500,3058500,Picea abies
4147500,3115500,Picea abies
4283500,2841500,Picea abies
4075500,3010500,Picea abies
4421500,2884500,Picea abies
4121500,2972500,Picea abies
4331500,2826500,Picea abies
4180500,2764500,Picea abies
4176500,3082500,Picea abies
4074500,3029500,Picea abies
4355500,3184500,Picea abies
4166500,2759500,Picea abies
4566500,3082500,Picea abies
4175500,3106500,Picea abies
4093500,3040500,Picea abies
4340500,3192500,Picea abies
4430500,2766500,Picea abies
4459500,3035500,Picea abies
4457500,2787500,Picea abies
4195500,3134500,Picea abies
4411500,2709500,Picea abies
4330500,2876500,Picea abies
4079500,3018500,Picea abies
4168500,3062500,Picea abies
4542500,3069500,Picea abies
4362500,3052500,Picea abies
4337500,2854500,Picea abies
4201500,2834500,Picea abies
4437500,3035000,Picea abies
4163500,3131500,Picea abies
4592500,2859500,Picea abies
4397500,2817500,Picea abies
4103500,3039500,Picea abies
4209500,2802500,Picea abies
4186500,2762500,Picea abies
4221500,2828500,Picea abies
4191500,3106500,Picea abies
4415500,3026500,Picea abies
4254500,2757500,Picea abies
4188000,3103500,Picea abies
4447500,3038500,Picea abies
4060500,2995500,Picea abies
4098500,3023500,Picea abies
4258500,3377500,Picea abies
4053500,3014500,Picea abies
4368500,3050500,Picea abies
4141500,3187500,Picea abies
4280500,2731500,Picea abies
4308500,2743500,Picea abies
4326500,2770500,Picea abies
4289500,3289500,Picea abies
4254500,3053500,Picea abies
4361500,2742500,Picea abies
4107500,2967500,Picea abies
4310500,2745500,Picea abies
4348000,3181500,Picea abies
4107500,3017500,Picea abies
4111500,3077500,Picea abies
4607500,3109500,Picea abies
4169500,2723500,Picea abies
4359500,3184500,Picea abies
4079500,3006500,Picea abies
4128500,3108500,Picea abies
4302500,3459500,Picea abies
4383500,2721500,Picea abies
4183500,3114500,Picea abies
4513500,2804500,Picea abies
4188500,2774500,Picea abies
4166500,2737500,Picea abies
4473500,3041500,Picea abies
4271500,2805500,Picea abies
4274500,3037500,Picea abies
4070500,3001500,Picea abies
4064500,3029500,Picea abies
4348500,3180500,Picea abies
4509500,3038500,Picea abies
4200500,2756500,Picea abies
4351500,2804500,Picea abies
4491500,3040500,Picea abies
4466500,3055500,Picea abies
4180500,2762500,Picea abies
4287500,2841500,Picea abies
4343500,3168500,Picea abies
4478500,3439500,Picea abies
4092500,2945500,Picea abies
4176500,2794500,Picea abies
4362500,2904500,Picea abies
4446500,3062500,Picea abies
4079500,3004500,Picea abies
4101500,3013500,Picea abies
4138500,2989500,Picea abies
4371500,2818500,Picea abies
4195500,3114500,Picea abies
4301500,2861500,Picea abies
4626500,3096500,Picea abies
4156500,3073500,Picea abies
4227500,3134500,Picea abies
4186500,3086500,Picea abies
4342500,2740500,Picea abies
4349500,2834500,Picea abies
4332500,2794500,Picea abies
4218500,2746500,Picea abies
4367500,3396500,Picea abies
4268500,2761500,Picea abies
4562500,3066500,Picea abies
4211500,3142500,Picea abies
4329500,3130500,Picea abies
4172500,2746500,Picea abies
4236500,2758500,Picea abies
4170500,3068500,Picea abies
4395500,2729500,Picea abies
4164500,3089500,Picea abies
4182500,2742500,Picea abies
4272500,3367500,Picea abies
4312500,2877500,Picea abies
4200500,2764500,Picea abies
4399500,3161500,Picea abies
4223500,3134500,Picea abies
4254500,3081500,Picea abies
4417500,2806500,Picea abies
4207500,3138500,Picea abies
4552500,3059500,Picea abies
4144500,3285500,Picea abies
4383500,3181500,Picea abies
4355500,3181500,Picea abies
4346500,2910500,Picea abies
4231500,2842500,Picea abies
4567500,3080500,Picea abies
4490500,2748500,Picea abies
4322500,2766500,Picea abies
4150500,3067500,Picea abies
4179500,3134500,Picea abies
4203500,3130500,Picea abies
4115500,3042500,Picea abies
4435500,3034500,Picea abies
4180500,2766500,Picea abies
4407500,3033500,Picea abies
4278500,2729500,Picea abies
4341500,2692500,Picea abies
4370500,3072500,Picea abies
4249500,3391500,Picea abies
4207500,3142500,Picea abies
4190500,3054500,Picea abies
4379500,3181500,Picea abies
4402500,2749500,Picea abies
4459500,3039500,Picea abies
4135500,3228500,Picea abies
4556500,3075500,Picea abies
4314500,2731500,Picea abies
4537500,2801500,Picea abies
4486500,3075500,Picea abies
4282500,2771500,Picea abies
4273500,2805500,Picea abies
4049500,3010500,Picea abies
4130500,2949500,Picea abies
4337500,2700500,Picea abies
4378500,2823500,Picea abies
4347500,2852500,Picea abies
4337500,2864500,Picea abies
4155500,3139500,Picea abies
4440500,3056500,Picea abies
4484500,2823500,Picea abies
4322500,2894500,Picea abies
4345500,2864500,Picea abies
4337500,2830500,Picea abies
4178500,3056500,Picea abies
4099500,3017500,Picea abies
4435500,3038500,Picea abies
4154500,3091500,Picea abies
4385500,3031500,Picea abies
4081500,3016500,Picea abies
4185500,2998500,Picea abies
4202500,3094500,Picea abies
4110500,3035500,Picea abies
4075500,3012500,Picea abies
4274500,2773500,Picea abies
4342500,2906500,Picea abies
4119500,2928500,Picea abies
4162500,3099500,Picea abies
4175500,3130500,Picea abies
4531500,2897500,Picea abies
4579500,2874500,Picea abies
4307500,3445500,Picea abies
4330500,2880500,Picea abies
4159500,3111500,Picea abies
4148500,3059500,Picea abies
4407500,2811500,Picea abies
4286500,2915500,Picea abies
4498500,3444500,Picea abies
4618500,3103500,Picea abies
4178500,3046500,Picea abies
4183500,2806500,Picea abies
4167500,2721500,Picea abies
4246500,2779500,Picea abies
4187500,3138500,Picea abies
4338500,2874500,Picea abies
4394500,2757500,Picea abies
4355500,3180500,Picea abies
4572500,3411500,Picea abies
4373500,2804500,Picea abies
4342500,3088500,Picea abies
4072500,3025500,Picea abies
4107500,2973500,Picea abies
4147500,3123500,Picea abies
4274500,2765500,Picea abies
4378500,3061500,Picea abies
4248500,2917500,Picea abies
4206500,3078500,Picea abies
4067500,3003500,Picea abies
4527500,3041500,Picea abies
4376500,2820500,Picea abies
4596500,2859500,Picea abies
4381500,3261500,Picea abies
4094500,2951500,Picea abies
4395500,3041500,Picea abies
4435500,3022500,Picea abies
4286500,2767500,Picea abies
4251500,3165500,Picea abies
4321500,2870500,Picea abies
4367500,3192500,Picea abies
4548500,3067500,Picea abies
4170500,3072500,Picea abies
4471500,3023500,Picea abies
4223500,3118500,Picea abies
4140500,3069500,Picea abies
4387500,3169500,Picea abies
4456500,2835500,Picea abies
4097500,3009500,Picea abies
4306500,2769500,Picea abies
4374500,3072500,Picea abies
4375500,3180500,Picea abies
4326500,2742500,Picea abies
4412500,2989500,Picea abies
4224500,2754500,Picea abies
4338500,3052500,Picea abies
4508500,3362500,Picea abies
4159500,3021500,Picea abies
4343500,2714500,Picea abies
4418500,3050500,Picea abies
4446500,3054500,Picea abies
4075500,3014500,Picea abies
4068500,3027500,Picea abies
4180500,3062500,Picea abies
4222500,2752500,Picea abies
4300500,3177500,Picea abies
4247500,2837500,Picea abies
4469500,2967500,Picea abies
4337500,3256500,Picea abies
4347500,2850500,Picea abies
4421500,2802500,Picea abies
4340500,2888500,Picea abies
4209500,2726500,Picea abies
4055500,3010500,Picea abies
4424500,2822500,Picea abies
4193500,2818500,Picea abies
4581500,3082500,Picea abies
4224500,2782500,Picea abies
4175500,3142500,Picea abies
4406500,3049500,Picea abies
4168500,2753500,Picea abies
4170500,2753500,Picea abies
4499500,3044500,Picea abies
4341500,2872500,Picea abies
4409500,3039500,Picea abies
4321500,2844500,Picea abies
4351500,2846500,Picea abies
4358500,3076500,Picea abies
4114500,3036500,Picea abies
4263500,2805500,Picea abies
4297500,2809500,Picea abies
4271500,3169500,Picea abies
4062500,3001500,Picea abies
4361500,2800500,Picea abies
4427500,3014500,Picea abies
4624500,3102500,Picea abies
4047500,3008500,Picea abies
4052500,2984500,Picea abies
4151500,3123500,Picea abies
4362500,2744500,Picea abies
4424500,2974500,Picea abies
4288500,2757500,Picea abies
4525500,3043500,Picea abies
4303500,2851500,Picea abies
4524500,3063500,Picea abies
4470500,2755500,Picea abies
4198500,2780500,Picea abies
4389500,3179000,Picea abies
4100500,2959500,Picea abies
4310500,3365500,Picea abies
4493500,2804500,Picea abies
4227500,2812500,Picea abies
4232500,3174500,Picea abies
4179500,3106500,Picea abies
4180500,2744500,Picea abies
4313500,3454500,Picea abies
4183500,3142500,Picea abies
4227500,3150500,Picea abies
4132500,2983500,Picea abies
4275500,2805500,Picea abies
4352500,3196500,Picea abies
4414500,3050500,Picea abies
4138500,2991500,Picea abies
4307500,2859500,Picea abies
4541500,2813500,Picea abies
4147500,3139500,Picea abies
4550500,3061500,Picea abies
4270500,2925500,Picea abies
4371500,3180500,Picea abies
4180500,2740500,Picea abies
4152500,3061500,Picea abies
4295500,3431500,Picea abies
4192500,2768500,Picea abies
4303500,2829500,Picea abies
4203500,3138500,Picea abies
4160500,3037500,Picea abies
4274500,2751500,Picea abies
4373500,3179500,Picea abies
4324500,2750500,Picea abies
4141500,3123500,Picea abies
4552500,2829500,Picea abies
4183500,2826500,Picea abies
4119500,2970500,Picea abies
4207500,3106500,Picea abies
4262500,2791500,Picea abies
4159500,2991500,Picea abies
4565500,3086500,Picea abies
4300500,2731500,Picea abies
4247500,2803500,Picea abies
4176500,3064500,Picea abies
4486500,2763500,Picea abies
4363500,3176500,Picea abies
4326500,2762500,Picea abies
4244500,2777500,Picea abies
4444500,2990500,Picea abies
4053500,2982500,Picea abies
4341500,2866500,Picea abies
4365500,2722500,Picea abies
4548500,3059500,Picea abies
4162500,2901500,Picea abies
4210500,3098500,Picea abies
4373500,2738500,Picea abies
4147500,3111500,Picea abies
4073500,3005500,Picea abies
4214500,2800500,Picea abies
4157000,3184000,Picea abies
4455500,3039500,Picea abies
4161500,3247500,Picea abies
4240500,2937500,Picea abies
4299500,2845500,Picea abies
4348500,2778500,Picea abies
4443500,3022500,Picea abies
4211500,3118500,Picea abies
4219500,3130500,Picea abies
4454500,3371000,Picea abies
4147500,3009500,Picea abies
4170500,3094500,Picea abies
4367500,3184500,Picea abies
4399500,3045500,Picea abies
4300500,2771500,Picea abies
4286500,2755500,Picea abies
4226500,3086500,Picea abies
4295500,2827500,Picea abies
4084500,3038500,Picea abies
4348500,3188500,Picea abies
4377500,2742500,Picea abies
4336500,3192500,Picea abies
4058500,3029500,Picea abies
4381500,2801500,Picea abies
4223500,3130500,Picea abies
4130500,2923500,Picea abies
4339500,2826500,Picea abies
4236500,2784500,Picea abies
4218500,2744500,Picea abies
4215500,3122500,Picea abies
4313500,2857500,Picea abies
4349500,2872500,Picea abies
4119500,2972500,Picea abies
4258500,2797500,Picea abies
4356500,3012500,Picea abies
4256500,2779500,Picea abies
4211500,2802500,Picea abies
4194500,3060500,Picea abies
4242500,2744500,Picea abies
4174500,3094500,Picea abies
4057500,3003500,Picea abies
4158500,2741500,Picea abies
4501500,2816500,Picea abies
4045500,3008500,Picea abies
4063500,3005500,Picea abies
4198500,2744500,Picea abies
4170500,3052500,Picea abies
4303500,3125500,Picea abies
4157500,3311500,Picea abies
4391500,2721500,Picea abies
4300500,3469500,Picea abies
4344500,2722500,Picea abies
4188500,2744500,Picea abies
4477500,3025500,Picea abies
4399500,3037500,Picea abies
4067500,3019500,Picea abies
4133500,2977500,Picea abies
4168500,3054500,Picea abies
4141500,3119500,Picea abies
4589500,2851500,Picea abies
4375500,3188500,Picea abies
4431500,3038500,Picea abies
4403500,3037500,Picea abies
4401500,2805500,Picea abies
4419500,2890500,Picea abies
4433500,2810500,Picea abies
4320500,2926500,Picea abies
4303500,3431500,Picea abies
4194500,2772500,Picea abies
4061500,3017500,Picea abies
4284500,2885500,Picea abies
4509000,2808500,Picea abies
4382500,3057500,Picea abies
4564500,3080500,Picea abies
4397500,2793500,Picea abies
4554500,3061500,Picea abies
4260500,2783500,Picea abies
4362500,3068500,Picea abies
4155500,3135500,Picea abies
4068500,3035500,Picea abies
4073500,3047500,Picea abies
4355500,3197500,Picea abies
4415500,3042500,Picea abies
4377500,2870500,Picea abies
4191500,3130500,Picea abies
4300500,3351500,Picea abies
4560500,3079500,Picea abies
4298500,2827500,Picea abies
4326500,3040500,Picea abies
4215500,3102500,Picea abies
4391500,3041500,Picea abies
4291500,2811500,Picea abies
4111500,2928500,Picea abies
4210500,3094500,Picea abies
4117500,2966500,Picea abies
4307500,2801500,Picea abies
4315500,2848500,Picea abies
4282500,2791500,Picea abies
4389500,3051000,Picea abies
4347500,2812500,Picea abies
4540500,3055500,Picea abies
4183500,2810500,Picea abies
4316500,2910500,Picea abies
4332500,2726500,Picea abies
4174500,3046500,Picea abies
4497500,3038500,Picea abies
4252500,2937500,Picea abies
4367500,3188500,Picea abies
4340500,2884500,Picea abies
4367500,2732500,Picea abies
4301500,3313500,Picea abies
4327500,2714500,Picea abies
4581500,3083500,Picea abies
4172500,2794500,Picea abies
4363500,2728500,Picea abies
4259500,3149500,Picea abies
4180500,3054500,Picea abies
4487500,3035500,Picea abies
4270500,2751500,Picea abies
4337500,2868500,Picea abies
4335500,2714500,Picea abies
4340500,3184500,Picea abies
4317500,2858500,Picea abies
4385500,2719500,Picea abies
4595500,2867500,Picea abies
4332500,2722500,Picea abies
4257500,2839500,Picea abies
4500500,2976500,Picea abies
4543500,2893500,Picea abies
4317500,2838500,Picea abies
4453500,3041500,Picea abies
4310500,2759500,Picea abies
4515500,3044500,Picea abies
4325500,2826500,Picea abies
4298500,3365500,Picea abies
4212500,2886500,Picea abies
4215500,3154500,Picea abies
4240500,2925500,Picea abies
4077500,2982500,Picea abies
4391500,3395500,Picea abies
4481500,2943500,Picea abies
4370500,2744500,Picea abies
4066500,3071500,Picea abies
4461500,2787500,Picea abies
4377500,3163500,Picea abies
4117500,2976500,Picea abies
4264500,2919500,Picea abies
4610500,3151500,Picea abies
4430500,2758500,Picea abies
4074500,3033500,Picea abies
4518500,2920500,Picea abies
4566500,3078500,Picea abies
4211500,3110500,Picea abies
4155500,3131500,Picea abies
4322500,2720500,Picea abies
4529500,3043500,Picea abies
4444500,2826500,Picea abies
4217500,2806500,Picea abies
4528500,3059500,Picea abies
4166500,2895500,Picea abies
4151500,3111500,Picea abies
4302500,2751500,Picea abies
4436500,3048500,Picea abies
4110500,3037500,Picea abies
4172500,3050500,Picea abies
4063500,3017500,Picea abies
4252500,3166500,Picea abies
4332500,2884500,Picea abies
4360500,2898500,Picea abies
4508500,3426500,Picea abies
4247500,3165500,Picea abies
4405500,3051000,Picea abies
4483500,3023500,Picea abies
4434500,2910500,Picea abies
4134500,2919500,Picea abies
4324500,2778500,Picea abies
4262500,2759500,Picea abies
4485500,3392500,Picea abies
4374500,2780500,Picea abies
4175500,3016500,Picea abies
4311500,2803500,Picea abies
4113500,3014500,Picea abies
4467500,3035500,Picea abies
4358500,2846500,Picea abies
4178500,2776500,Picea abies
4361500,2792500,Picea abies
4529500,2813500,Picea abies
4158500,3033500,Picea abies
4349500,2852500,Picea abies
4457500,2791500,Picea abies
4304500,2771500,Picea abies
4085500,3002500,Picea abies
4049500,3020500,Picea abies
4544500,3083500,Picea abies
4147500,3007500,Picea abies
4489500,3038500,Picea abies
4147500,2981500,Picea abies
4102500,2985500,Picea abies
4415500,2726500,Picea abies
4240500,2909500,Picea abies
4180500,2754500,Picea abies
4359500,3172500,Picea abies
4069500,3017500,Picea abies
4194500,2770500,Picea abies
4431500,3042500,Picea abies
4268500,2785500,Picea abies
4215500,3312500,Picea abies
4352500,3184500,Picea abies
4215500,3146500,Picea abies
4304500,2923500,Picea abies
4116500,2958500,Picea abies
4219500,3134500,Picea abies
4446500,2759000,Picea abies
4262500,2749500,Picea abies
4333500,2712500,Picea abies
4220500,2766500,Picea abies
4047500,3006500,Picea abies
4199500,3134500,Picea abies
4199500,2802500,Picea abies
4270500,2753500,Picea abies
4302500,2761500,Picea abies
4300500,2875500,Picea abies
4313500,2851500,Picea abies
4344500,3216500,Picea abies
4378500,2757500,Picea abies
4168500,2926500,Picea abies
4097500,3019500,Picea abies
4061500,3051500,Picea abies
4256500,2791500,Picea abies
4449500,3040500,Picea abies
4449500,3044500,Picea abies
4186500,2770500,Picea abies
4215500,3106500,Picea abies
4191500,3114500,Picea abies
4378500,2850500,Picea abies
4333500,2708500,Picea abies
4302500,2735500,Picea abies
4045500,3004500,Picea abies
4583500,3077500,Picea abies
4195500,3126500,Picea abies
4341500,2848500,Picea abies
4491500,3448500,Picea abies
4078500,3020500,Picea abies
4378500,3057500,Picea abies
4448500,2990500,Picea abies
4313500,3016500,Picea abies
4058500,3027500,Picea abies
4382500,2749500,Picea abies
4304500,2791500,Picea abies
4253500,3297500,Picea abies
4266500,2747500,Picea abies
4415500,3034500,Picea abies
4337500,3146500,Picea abies
4513500,2820500,Picea abies
4166500,3049500,Picea abies
4348500,3192500,Picea abies
4256500,2755500,Picea abies
4234500,2764000,Picea abies
4310500,2741500,Picea abies
4086500,2952500,Picea abies
4293500,3435500,Picea abies
4178500,2774500,Picea abies
4190500,2762500,Picea abies
4208500,2742500,Picea abies
4180500,2792500,Picea abies
4346500,2796500,Picea abies
4228500,2790500,Picea abies
4387500,2725500,Picea abies
4229500,2822500,Picea abies
4335500,2706500,Picea abies
4363500,3192500,Picea abies
4280500,2761500,Picea abies
4448500,2842500,Picea abies
4172500,2782500,Picea abies
4199500,3106500,Picea abies
4533500,3115000,Picea abies
4230500,2780500,Picea abies
4352500,2758500,Picea abies
4336500,3058500,Picea abies
4490500,3430500,Picea abies
4078500,2946500,Picea abies
4258500,3061500,Picea abies
4326500,2780500,Picea abies
4168500,3068500,Picea abies
4317500,2846500,Picea abies
4168500,2729500,Picea abies
4379500,2795500,Picea abies
4439500,3046500,Picea abies
4279500,2807500,Picea abies
4172500,2750500,Picea abies
4057500,3015500,Picea abies
4051500,3006500,Picea abies
4480500,3419500,Picea abies
4358500,2744500,Picea abies
4316500,2765500,Picea abies
4238500,2930500,Picea abies
4172000,3103500,Picea abies
4502500,2772500,Picea abies
4385500,2785500,Picea abies
4322500,2764500,Picea abies
4366500,2760500,Picea abies
4377500,2816500,Picea abies
4414500,2745500,Picea abies
4271500,3133500,Picea abies
4174500,2770500,Picea abies
4172000,3119500,Picea abies
4184500,2780500,Picea abies
4381500,3167500,Picea abies
4418500,2770500,Picea abies
4321500,3296500,Picea abies
4187500,3102500,Picea abies
4327500,3152500,Picea abies
4357500,3450500,Picea abies
4287500,3149500,Picea abies
4412000,2870000,Picea abies
4240500,2752500,Picea abies
4387500,3173500,Picea abies
4346500,2792500,Picea abies
4095500,3043500,Picea abies
4187500,3130500,Picea abies
4345500,2818500,Picea abies
4158500,3081500,Picea abies
4593500,3118500,Picea abies
4278500,3045500,Picea abies
4371500,2794500,Picea abies
4168500,2791500,Picea abies
4215500,2818500,Picea abies
4258500,2799500,Picea abies
4284500,2763500,Picea abies
4289500,2825500,Picea abies
4175500,3138500,Picea abies
4281500,3437500,Picea abies
4306500,2755500,Picea abies
4355500,3192500,Picea abies
4368500,2778500,Picea abies
4329500,2716500,Picea abies
4484500,2975500,Picea abies
4344500,3192500,Picea abies
4367500,2786500,Picea abies
4347500,2844500,Picea abies
4180500,2752500,Picea abies
4473500,2807500,Picea abies
4160500,3049500,Picea abies
4469500,3029500,Picea abies
4583500,3081500,Picea abies
4297500,2823500,Picea abies
4198500,3058500,Picea abies
4099500,3019500,Picea abies
4248500,3209500,Picea abies
4364500,2750500,Picea abies
4473500,2799500,Picea abies
4181500,2726500,Picea abies
4064500,3023500,Picea abies
4316500,2745500,Picea abies
4164500,3045500,Picea abies
4327500,2718500,Picea abies
4167500,3134500,Picea abies
4122500,3000500,Picea abies
4312500,2729500,Picea abies
4381000,2805000,Picea abies
4222500,2774500,Picea abies
4329500,3308500,Picea abies
4373500,3051500,Picea abies
4193500,2808500,Picea abies
4218500,2796500,Picea abies
4136500,3069500,Picea abies
4151500,3107500,Picea abies
4373500,3067500,Picea abies
4304500,2875500,Picea abies
4407500,2729500,Picea abies
4354500,2768500,Picea abies
4386500,2757500,Picea abies
4308500,2781500,Picea abies
4176500,2792500,Picea abies
4252500,3347500,Picea abies
4289500,2833500,Picea abies
4198500,2754500,Picea abies
4358500,2720500,Picea abies
4398500,2827500,Picea abies
4405500,3051500,Picea abies
4227500,3126500,Picea abies
4178500,3066500,Picea abies
4286500,3481500,Picea abies
4381500,2727500,Picea abies
4057500,3052500,Picea abies
4356500,3066500,Picea abies
4178500,2746500,Picea abies
4365000,2804500,Picea abies
4382000,2773000,Picea abies
4144500,3061500,Picea abies
4212500,2766500,Picea abies
4495500,2736500,Picea abies
4276500,2743500,Picea abies
4163000,3080000,Picea abies
4330500,2730500,Picea abies
4175500,3126500,Picea abies
4258500,2751500,Picea abies
4305500,2843500,Picea abies
4423500,3018500,Picea abies
4379500,2865500,Picea abies
4055500,3004500,Picea abies
4509500,2804500,Picea abies
4158500,3079500,Picea abies
4135500,3224500,Picea abies
4299500,2817500,Picea abies
4340500,2730500,Picea abies
4469500,3385500,Picea abies
4203500,3118500,Picea abies
4294500,2787500,Picea abies
4332500,2874500,Picea abies
4549500,3407500,Picea abies
4203500,3106500,Picea abies
4065500,3005500,Picea abies
4258500,2931500,Picea abies
4320500,2892500,Picea abies
4174500,3068500,Picea abies
4191500,3138500,Picea abies
4397500,2809500,Picea abies
4371500,2790500,Picea abies
4427500,3026500,Picea abies
4162500,3079500,Picea abies
4421500,2806500,Picea abies
4068500,3031500,Picea abies
4218500,2748500,Picea abies
4500500,3050500,Picea abies
4180500,3070500,Picea abies
4532500,2837500,Picea abies
4323500,2850500,Picea abies
4188500,3231500,Picea abies
4417500,2810500,Picea abies
4354500,2724500,Picea abies
4289500,3001500,Picea abies
4224500,2772500,Picea abies
4106500,3221500,Picea abies
4390500,2749500,Picea abies
4373500,2722500,Picea abies
4281500,2801500,Picea abies
4268500,3217500,Picea abies
4259500,3129500,Picea abies
4327500,2804500,Picea abies
4250500,2757500,Picea abies
4624500,3106500,Picea abies
4407500,2737500,Picea abies
4523500,2748500,Picea abies
4552500,3075500,Picea abies
4196500,2758500,Picea abies
4170500,3030500,Picea abies
4327500,2706500,Picea abies
4240500,2776500,Picea abies
4316500,2755500,Picea abies
4526500,3057500,Picea abies
4264500,2791500,Picea abies
4205500,2844500,Picea abies
4296500,2723500,Picea abies
4138500,3065500,Picea abies
4060500,3021500,Picea abies
4226500,2782500,Picea abies
4151500,3143500,Picea abies
4491500,3028500,Picea abies
4262500,3029500,Picea abies
4428500,3048500,Picea abies
4489500,3034500,Picea abies
4276500,3177500,Picea abies
4295500,2871500,Picea abies
4208500,2752500,Picea abies
4453500,3051000,Picea abies
4192500,2794500,Picea abies
4391500,3037500,Picea abies
4062500,3027500,Picea abies
4206500,2788500,Picea abies
4305500,2865500,Picea abies
4398500,3049500,Picea abies
4067500,3009500,Picea abies
4357500,2874500,Picea abies
4458500,3371500,Picea abies
4507500,3040500,Picea abies
4218500,3082500,Picea abies
4308500,2757500,Picea abies
4292500,2747500,Picea abies
4459500,3011500,Picea abies
4529500,3039500,Picea abies
4176500,2752500,Picea abies
4629000,3098500,Picea abies
4451500,3015500,Picea abies
4293500,2819500,Picea abies
4134500,2945500,Picea abies
4423500,3034500,Picea abies
4094500,2957500,Picea abies
4375500,3172500,Picea abies
4186000,2764000,Picea abies
4316500,3188500,Picea abies
4090500,2948500,Picea abies
4423500,3038500,Picea abies
4403500,2721500,Picea abies
4356500,2730500,Picea abies
4462500,2779500,Picea abies
4048500,2996500,Picea abies
4442500,3062500,Picea abies
4346500,2780500,Picea abies
4286500,2759500,Picea abies
4192500,2778500,Picea abies
4113500,3008500,Picea abies
4228500,2786500,Picea abies
4319500,3444500,Picea abies
4386500,2753500,Picea abies
4367500,2724500,Picea abies
4317500,3312500,Picea abies
4290500,2761500,Picea abies
4367500,2814500,Picea abies
4344500,3196500,Picea abies
4318500,3316500,Picea abies
4374500,3064500,Picea abies
4358500,2724500,Picea abies
4247500,3161500,Picea abies
4198500,3090500,Picea abies
4300000,3182000,Picea abies
4105500,3017500,Picea abies
4078500,2952500,Picea abies
4471500,3459500,Picea abies
4363500,3184500,Picea abies
4149500,2985500,Picea abies
4150500,3065500,Picea abies
4407500,3041500,Picea abies
4174500,3056500,Picea abies
4187500,3114500,Picea abies
4288500,2763500,Picea abies
4395500,3165500,Picea abies
4495500,3040500,Picea abies
4251500,3157500,Picea abies
4072500,3021500,Picea abies
4206500,2800500,Picea abies
4544500,3055500,Picea abies
4077500,3016500,Picea abies
4374500,3060500,Picea abies
4456500,2843500,Picea abies
4156500,3055500,Picea abies
4172500,2784500,Picea abies
4423500,3046500,Picea abies
4199500,3102500,Picea abies
4095500,3003500,Picea abies
4302500,2897500,Picea abies
4491500,3036500,Picea abies
4334500,2740500,Picea abies
4172500,3046500,Picea abies
4433500,3036500,Picea abies
4183500,3130500,Picea abies
4407500,2819500,Picea abies
4226500,2736500,Picea abies
4379500,3169500,Picea abies
4109500,2975500,Picea abies
4243500,2801500,Picea abies
4277500,2989500,Picea abies
4435500,3014500,Picea abies
4547500,3091500,Picea abies
4357500,2802500,Picea abies
4375500,3040500,Picea abies
4072500,3031500,Picea abies
4188500,3056500,Picea abies
4162500,3073500,Picea abies
4239500,3162500,Picea abies
4516500,2840500,Picea abies
4485500,2803500,Picea abies
4180500,2794500,Picea abies
4206500,3054500,Picea abies
4232500,2758500,Picea abies
4335500,2860500,Picea abies
4140500,3384500,Picea abies
4307500,2817500,Picea abies
4337500,3312500,Pinus sylvestris
4638500,3191500,Pinus sylvestris
4228500,2760500,Pinus sylvestris
4349500,3264500,Pinus sylvestris
4494500,3344500,Pinus sylvestris
4624500,3154500,Pinus sylvestris
4475500,3303500,Pinus sylvestris
4546000,3227500,Pinus sylvestris
4408000,2997500,Pinus sylvestris
4536500,3355500,Pinus sylvestris
4517500,3226500,Pinus sylvestris
4558500,3306500,Pinus sylvestris
4419500,3338500,Pinus sylvestris
4483500,3386500,Pinus sylvestris
4630500,3160500,Pinus sylvestris
4422500,3346500,Pinus sylvestris
4237500,2840500,Pinus sylvestris
4633500,3150500,Pinus sylvestris
4372500,3276500,Pinus sylvestris
4392500,2915500,Pinus sylvestris
4629500,3210500,Pinus sylvestris
4537500,3253500,Pinus sylvestris
4575500,3166500,Pinus sylvestris
4385500,3379500,Pinus sylvestris
4488500,3288500,Pinus sylvestris
4169500,3270500,Pinus sylvestris
4602500,3188500,Pinus sylvestris
4542500,3501500,Pinus sylvestris
4421500,3067000,Pinus sylvestris
4416500,3342500,Pinus sylvestris
4518000,3227000,Pinus sylvestris
4587500,3231500,Pinus sylvestris
4452500,3275500,Pinus sylvestris
4637500,3207500,Pinus sylvestris
4536500,3359500,Pinus sylvestris
4486000,3243000,Pinus sylvestris
4664500,3153500,Pinus sylvestris
4613500,3205500,Pinus sylvestris
4539500,3181500,Pinus sylvestris
4404500,3269500,Pinus sylvestris
4318000,3326000,Pinus sylvestris
4485500,3227000,Pinus sylvestris
4643500,3179500,Pinus sylvestris
4526500,3229500,Pinus sylvestris
4482500,3219500,Pinus sylvestris
4485500,3384500,Pinus sylvestris
4518000,3355000,Pinus sylvestris
4254500,3085500,Pinus sylvestris
4504500,3412500,Pinus sylvestris
4476500,3283500,Pinus sylvestris
4616500,3157500,Pinus sylvestris
4408500,2911500,Pinus sylvestris
4549500,3211000,Pinus sylvestris
4592500,3212500,Pinus sylvestris
4582500,3243500,Pinus sylvestris
4571500,3230500,Pinus sylvestris
4565500,3322500,Pinus sylvestris
4628500,3218500,Pinus sylvestris
4436500,3278500,Pinus sylvestris
4415500,3338500,Pinus sylvestris
4528000,3307000,Pinus sylvestris
4559500,3178500,Pinus sylvestris
4400500,3341500,Pinus sylvestris
4139000,3297000,Pinus sylvestris
4481500,3241500,Pinus sylvestris
4447500,3323500,Pinus sylvestris
4417500,3254500,Pinus sylvestris
4509500,3376500,Pinus sylvestris
4210500,2784500,Pinus sylvestris
4566500,3190500,Pinus sylvestris
4487500,3316500,Pinus sylvestris
4550000,3322500,Pinus sylvestris
4182500,2914500,Pinus sylvestris
4514500,3484500,Pinus sylvestris
4372500,2922500,Pinus sylvestris
4620500,3222500,Pinus sylvestris
4535500,3181500,Pinus sylvestris
4570500,3190500,Pinus sylvestris
4639500,3145500,Pinus sylvestris
4053500,3124500,Pinus sylvestris
4637500,3203500,Pinus sylvestris
4487500,3304500,Pinus sylvestris
4638500,3153500,Pinus sylvestris
4384500,2903500,Pinus sylvestris
4590500,3244500,Pinus sylvestris
4404500,3355500,Pinus sylvestris
4269500,3277500,Pinus sylvestris
4530500,3367500,Pinus sylvestris
4446500,3058500,Pinus sylvestris
4590500,3240500,Pinus sylvestris
4652500,3156500,Pinus sylvestris
4612500,3213500,Pinus sylvestris
4463500,3389500,Pinus sylvestris
4252500,2797500,Pinus sylvestris
4414500,3340500,Pinus sylvestris
4585500,3400500,Pinus sylvestris
4490500,2920000,Pinus sylvestris
4453500,3259500,Pinus sylvestris
4632500,3218500,Pinus sylvestris
4569500,3322500,Pinus sylvestris
4586500,3183500,Pinus sylvestris
4240500,3194500,Pinus sylvestris
4460500,3287500,Pinus sylvestris
4285500,3294500,Pinus sylvestris
4538500,3201500,Pinus sylvestris
4630500,3242500,Pinus sylvestris
4582000,3258500,Pinus sylvestris
4505500,3244500,Pinus sylvestris
4597500,3399500,Pinus sylvestris
4424500,3362500,Pinus sylvestris
4353500,3272500,Pinus sylvestris
4604500,3221500,Pinus sylvestris
4388500,3285500,Pinus sylvestris
4420500,3338500,Pinus sylvestris
4566000,3322500,Pinus sylvestris
4563500,3226500,Pinus sylvestris
4555500,3173500,Pinus sylvestris
4629500,3162500,Pinus sylvestris
4469500,2955500,Pinus sylvestris
4547500,3325500,Pinus sylvestris
4465500,3263500,Pinus sylvestris
4344500,3212500,Pinus sylvestris
4395500,3321500,Pinus sylvestris
4633500,3203500,Pinus sylvestris
4551500,3177500,Pinus sylvestris
4510500,3220500,Pinus sylvestris
4381500,3039500,Pinus sylvestris
4470500,3219500,Pinus sylvestris
4527500,3305500,Pinus sylvestris
4486500,3220500,Pinus sylvestris
4471500,3379500,Pinus sylvestris
4431500,3310500,Pinus sylvestris
4449500,3235500,Pinus sylvestris
4422500,3340500,Pinus sylvestris
4509500,3380500,Pinus sylvestris
4354500,3344500,Pinus sylvestris
4646500,3161500,Pinus sylvestris
4497500,3252500,Pinus sylvestris
4433500,3246500,Pinus sylvestris
4416500,2822500,Pinus sylvestris
4422500,3354500,Pinus sylvestris
4623500,3230500,Pinus sylvestris
4664500,3161500,Pinus sylvestris
4564500,3270500,Pinus sylvestris
4537500,3167500,Pinus sylvestris
4470000,3307000,Pinus sylvestris
4404500,3353500,Pinus sylvestris
4408500,3341500,Pinus sylvestris
4528500,3157500,Pinus sylvestris
4586500,3392500,Pinus sylvestris
4495500,3328500,Pinus sylvestris
4499500,3398500,Pinus sylvestris
4613500,3257500,Pinus sylvestris
4509500,3244500,Pinus sylvestris
4333500,3138500,Pinus sylvestris
4515500,3164500,Pinus sylvestris
4353500,3268500,Pinus sylvestris
4539500,3177500,Pinus sylvestris
4513500,3244500,Pinus sylvestris
4562500,3190500,Pinus sylvestris
4416500,3346500,Pinus sylvestris
4096500,3033500,Pinus sylvestris
4633500,3168500,Pinus sylvestris
4538500,3217500,Pinus sylvestris
4438000,3259000,Pinus sylvestris
4581500,3259500,Pinus sylvestris
4253500,3278500,Pinus sylvestris
4486500,3204500,Pinus sylvestris
4565500,3198500,Pinus sylvestris
4568500,3218500,Pinus sylvestris
4631500,3234500,Pinus sylvestris
4390500,2897500,Pinus sylvestris
4648000,3184000,Pinus sylvestris
4530500,3229500,Pinus sylvestris
4454000,3259000,Pinus sylvestris
4513500,3252500,Pinus sylvestris
4192500,2916500,Pinus sylvestris
4617500,3197500,Pinus sylvestris
4656500,3164500,Pinus sylvestris
4367500,3390500,Pinus sylvestris
4574500,3190500,Pinus sylvestris
4485500,3244500,Pinus sylvestris
4550500,3349500,Pinus sylvestris
4540500,3365500,Pinus sylvestris
4595500,3176500,Pinus sylvestris
4192500,2914500,Pinus sylvestris
4627500,3144500,Pinus sylvestris
4497500,3236500,Pinus sylvestris
4630000,3274500,Pinus sylvestris
4516500,3348500,Pinus sylvestris
4643500,3145500,Pinus sylvestris
4586500,3296500,Pinus sylvestris
4596500,3230500,Pinus sylvestris
4591500,3232500,Pinus sylvestris
4581500,3194500,Pinus sylvestris
4416500,3298500,Pinus sylvestris
4454000,3275000,Pinus sylvestris
4521500,3265500,Pinus sylvestris
4554500,3213500,Pinus sylvestris
4594500,3184500,Pinus sylvestris
4483500,3331500,Pinus sylvestris
4518500,3422500,Pinus sylvestris
4551500,3193500,Pinus sylvestris
4133500,3188500,Pinus sylvestris
4493500,3236500,Pinus sylvestris
4589500,3396500,Pinus sylvestris
4464500,3271500,Pinus sylvestris
4601500,3375000,Pinus sylvestris
4601500,3381500,Pinus sylvestris
4512500,3352500,Pinus sylvestris
4410500,3367500,Pinus sylvestris
4539500,3169500,Pinus sylvestris
4623500,3234500,Pinus sylvestris
4485500,3240500,Pinus sylvestris
4612500,3221500,Pinus sylvestris
4495500,3316500,Pinus sylvestris
4566000,3258500,Pinus sylvestris
4583500,3223500,Pinus sylvestris
4371500,3380500,Pinus sylvestris
4514500,3340500,Pinus sylvestris
4634500,3239500,Pinus sylvestris
4643500,3175500,Pinus sylvestris
4630500,3246500,Pinus sylvestris
4621500,3262500,Pinus sylvestris
4424500,3346500,Pinus sylvestris
4575500,3231500,Pinus sylvestris
4531500,3173500,Pinus sylvestris
4424500,3350500,Pinus sylvestris
4652500,3164500,Pinus sylvestris
4598500,3411500,Pinus sylvestris
4404500,3277500,Pinus sylvestris
4403500,3333500,Pinus sylvestris
4535500,3165500,Pinus sylvestris
4239500,3308500,Pinus sylvestris
4505500,3450500,Pinus sylvestris
4505500,3232500,Pinus sylvestris
4404500,3293500,Pinus sylvestris
4481000,3256000,Pinus sylvestris
4422500,3352500,Pinus sylvestris
4344500,2892500,Pinus sylvestris
4631500,3148500,Pinus sylvestris
4598500,3192500,Pinus sylvestris
4614000,3258500,Pinus sylvestris
4547500,3185500,Pinus sylvestris
4426500,3360500,Pinus sylvestris
4530500,3483500,Pinus sylvestris
4520500,3369500,Pinus sylvestris
4559500,3166500,Pinus sylvestris
4302500,3337500,Pinus sylvestris
4468500,3267500,Pinus sylvestris
4271500,3267500,Pinus sylvestris
4376500,3277500,Pinus sylvestris
4510500,3364500,Pinus sylvestris
4240500,2782500,Pinus sylvestris
4427500,3310500,Pinus sylvestris
4470500,3387000,Pinus sylvestris
4382500,2901500,Pinus sylvestris
4649500,3143500,Pinus sylvestris
4618500,3155500,Pinus sylvestris
4594500,3390500,Pinus sylvestris
4589500,3264500,Pinus sylvestris
4541500,3163500,Pinus sylvestris
4627500,3226500,Pinus sylvestris
4518500,3216500,Pinus sylvestris
4639500,3227500,Pinus sylvestris
4164500,2931500,Pinus sylvestris
4552500,3153500,Pinus sylvestris
4486000,3323000,Pinus sylvestris
4613500,3146500,Pinus sylvestris
4596500,3220500,Pinus sylvestris
4370500,2924500,Pinus sylvestris
4579500,3231500,Pinus sylvestris
4455500,3315500,Pinus sylvestris
4599500,3232500,Pinus sylvestris
4521500,3241500,Pinus sylvestris
4492500,3272500,Pinus sylvestris
4546500,3205500,Pinus sylvestris
4554500,3205500,Pinus sylvestris
4595500,3396500,Pinus sylvestris
4502000,3227000,Pinus sylvestris
4501500,3380500,Pinus sylvestris
4441500,3250500,Pinus sylvestris
4430500,3360500,Pinus sylvestris
4392500,3353500,Pinus sylvestris
4401500,2895500,Pinus sylvestris
4614000,3213500,Pinus sylvestris
4231500,2838500,Pinus sylvestris
4537500,3233500,Pinus sylvestris
4566000,3194500,Pinus sylvestris
4408500,3343500,Pinus sylvestris
4562500,3194500,Pinus sylvestris
4544000,3337500,Pinus sylvestris
4415500,3306500,Pinus sylvestris
4408500,3369500,Pinus sylvestris
4321500,3268500,Pinus sylvestris
4632500,3158500,Pinus sylvestris
4396500,3063500,Pinus sylvestris
4485500,3264500,Pinus sylvestris
4512500,3348500,Pinus sylvestris
4429500,3242500,Pinus sylvestris
4318000,3342000,Pinus sylvestris
4282500,3325500,Pinus sylvestris
4412500,3364500,Pinus sylvestris
4634500,3243500,Pinus sylvestris
4355500,3304500,Pinus sylvestris
4167500,3281500,Pinus sylvestris
4146500,2925500,Pinus sylvestris
4583500,3231500,Pinus sylvestris
4658500,3162500,Pinus sylvestris
4489500,3248500,Pinus sylvestris
4562500,3202500,Pinus sylvestris
4388500,3293500,Pinus sylvestris
4426500,3358500,Pinus sylvestris
4613500,3242500,Pinus sylvestris
4416500,3370500,Pinus sylvestris
4610500,3163500,Pinus sylvestris
4512500,3370500,Pinus sylvestris
4566000,3242500,Pinus sylvestris
4408500,3301500,Pinus sylvestris
4583500,3408500,Pinus sylvestris
4212500,2898500,Pinus sylvestris
4489500,3240500,Pinus sylvestris
4369500,2960500,Pinus sylvestris
4598500,3184500,Pinus sylvestris
4396500,3301500,Pinus sylvestris
4589500,3203500,Pinus sylvestris
4398500,3357500,Pinus sylvestris
4410500,3345500,Pinus sylvestris
4607500,3237500,Pinus sylvestris
4499500,3184500,Pinus sylvestris
4408500,3367500,Pinus sylvestris
4623500,3178500,Pinus sylvestris
4599500,3228500,Pinus sylvestris
4517500,3174500,Pinus sylvestris
4505500,3162500,Pinus sylvestris
4569000,3162500,Pinus sylvestris
4536500,3367500,Pinus sylvestris
4242500,3353500,Pinus sylvestris
4619500,3226500,Pinus sylvestris
4596500,3152500,Pinus sylvestris
4423500,3314500,Pinus sylvestris
4263500,3133500,Pinus sylvestris
4410500,3340500,Pinus sylvestris
4583500,3175500,Pinus sylvestris
4547500,3329500,Pinus sylvestris
4492500,3268500,Pinus sylvestris
4405500,3265500,Pinus sylvestris
4459500,3393500,Pinus sylvestris
4398500,3349500,Pinus sylvestris
4497500,3248500,Pinus sylvestris
4241500,2996000,Pinus sylvestris
4575500,3144500,Pinus sylvestris
4487500,3384500,Pinus sylvestris
4663500,3150500,Pinus sylvestris
4524500,3289500,Pinus sylvestris
4482500,2911500,Pinus sylvestris
4410500,3361500,Pinus sylvestris
4606500,3185500,Pinus sylvestris
4566000,3322000,Pinus sylvestris
4521500,3245500,Pinus sylvestris
4640500,3151500,Pinus sylvestris
4555500,3329500,Pinus sylvestris
4382500,2905500,Pinus sylvestris
4507500,3160500,Pinus sylvestris
4404500,3365500,Pinus sylvestris
4571500,3226500,Pinus sylvestris
4494500,3368500,Pinus sylvestris
4626500,3156500,Pinus sylvestris
4564500,3330500,Pinus sylvestris
4574000,3309000,Pinus sylvestris
4513500,3162500,Pinus sylvestris
4406500,3363500,Pinus sylvestris
4366500,3364500,Pinus sylvestris
4627500,3166500,Pinus sylvestris
4566500,3238500,Pinus sylvestris
4514500,3372500,Pinus sylvestris
4577500,3395500,Pinus sylvestris
4374500,3371500,Pinus sylvestris
4490500,3484500,Pinus sylvestris
4565500,3210500,Pinus sylvestris
4534500,3229500,Pinus sylvestris
4540500,3285500,Pinus sylvestris
4268500,2915500,Pinus sylvestris
4481500,3239500,Pinus sylvestris
4514500,3220500,Pinus sylvestris
4502000,3323000,Pinus sylvestris
4527500,3313500,Pinus sylvestris
4360500,3300500,Pinus sylvestris
4523500,3309500,Pinus sylvestris
4496500,3322000,Pinus sylvestris
4414500,2917500,Pinus sylvestris
4598000,3290500,Pinus sylvestris
4423500,3306500,Pinus sylvestris
4590500,3184500,Pinus sylvestris
4452500,3363500,Pinus sylvestris
4477500,3235500,Pinus sylvestris
4338000,3028500,Pinus sylvestris
4415500,3322500,Pinus sylvestris
4550000,3226500,Pinus sylvestris
4501500,3179000,Pinus sylvestris
4565500,3147000,Pinus sylvestris
4495500,3180500,Pinus sylvestris
4646500,3183500,Pinus sylvestris
4622500,3238500,Pinus sylvestris
4656500,3156500,Pinus sylvestris
4593500,3264500,Pinus sylvestris
4592500,3216500,Pinus sylvestris
4628500,3162500,Pinus sylvestris
4479500,3385500,Pinus sylvestris
4478500,3223500,Pinus sylvestris
4595500,3236500,Pinus sylvestris
4494500,3220500,Pinus sylvestris
4510500,3354500,Pinus sylvestris
4438000,3307000,Pinus sylvestris
4540500,3503500,Pinus sylvestris
4627500,3140500,Pinus sylvestris
4573500,3259500,Pinus sylvestris
4590500,3392500,Pinus sylvestris
4448500,3321000,Pinus sylvestris
4579500,3145500,Pinus sylvestris
4661500,3146500,Pinus sylvestris
4491500,3320500,Pinus sylvestris
4480000,3336000,Pinus sylvestris
4602500,3184500,Pinus sylvestris
4430500,3426500,Pinus sylvestris
4457500,2951500,Pinus sylvestris
4402500,3351500,Pinus sylvestris
4396500,2907500,Pinus sylvestris
4548000,3193500,Pinus sylvestris
4503500,3164500,Pinus sylvestris
4418500,3340500,Pinus sylvestris
4634500,3164500,Pinus sylvestris
4473500,3397500,Pinus sylvestris
4521500,3237500,Pinus sylvestris
4530500,3349500,Pinus sylvestris
4172500,2730500,Pinus sylvestris
4423500,3336500,Pinus sylvestris
4604500,3391500,Pinus sylvestris
4622500,3242500,Pinus sylvestris
4518000,3323000,Pinus sylvestris
4458500,3227500,Pinus sylvestris
4590500,3180500,Pinus sylvestris
4634500,3152500,Pinus sylvestris
4538500,3221500,Pinus sylvestris
4501500,3248500,Pinus sylvestris
4353500,3260500,Pinus sylvestris
4560500,3330500,Pinus sylvestris
4491500,3324500,Pinus sylvestris
4583500,3428500,Pinus sylvestris
4400500,3339500,Pinus sylvestris
4414500,3346500,Pinus sylvestris
4513500,3236500,Pinus sylvestris
4517500,3240500,Pinus sylvestris
4462500,3359500,Pinus sylvestris
4596500,3216500,Pinus sylvestris
4650500,3166500,Pinus sylvestris
4377500,2952500,Pinus sylvestris
4386500,3349500,Pinus sylvestris
4555500,3189500,Pinus sylvestris
4580500,3133500,Pinus sylvestris
4513500,3248500,Pinus sylvestris
4530500,3355500,Pinus sylvestris
4591500,3228500,Pinus sylvestris
4341500,3292500,Pinus sylvestris
4406500,3069500,Pinus sylvestris
4554500,3225500,Pinus sylvestris
4612500,3217500,Pinus sylvestris
4546500,3229500,Pinus sylvestris
4575500,3227500,Pinus sylvestris
4637500,3147500,Pinus sylvestris
4413500,3258500,Pinus sylvestris
4418500,3370500,Pinus sylvestris
4503500,3184500,Pinus sylvestris
4518000,3243000,Pinus sylvestris
4378500,3341500,Pinus sylvestris
4585500,3408500,Pinus sylvestris
4582500,3187500,Pinus sylvestris
4433500,3250500,Pinus sylvestris
4518500,3368500,Pinus sylvestris
4610500,3249500,Pinus sylvestris
4604500,3213500,Pinus sylvestris
4554500,3229500,Pinus sylvestris
4405500,3253500,Pinus sylvestris
4564500,3326500,Pinus sylvestris
4406500,2913500,Pinus sylvestris
4469500,3387500,Pinus sylvestris
4652500,3160500,Pinus sylvestris
4433500,3242500,Pinus sylvestris
4518500,3228500,Pinus sylvestris
4266500,3517500,Pinus sylvestris
4622500,3156500,Pinus sylvestris
4384500,3415500,Pinus sylvestris
4398500,2909500,Pinus sylvestris
4603500,3345500,Pinus sylvestris
4473500,3239500,Pinus sylvestris
4584000,3163500,Pinus sylvestris
4139500,3295500,Pinus sylvestris
4410500,3363500,Pinus sylvestris
4452500,3283500,Pinus sylvestris
4557500,3322500,Pinus sylvestris
4406500,3373500,Pinus sylvestris
4211500,3312500,Pinus sylvestris
4420500,3274500,Pinus sylvestris
4460500,3365500,Pinus sylvestris
4628500,3210500,Pinus sylvestris
4404500,3343500,Pinus sylvestris
4371500,3328500,Pinus sylvestris
4305500,3281500,Pinus sylvestris
4420500,3344500,Pinus sylvestris
4586500,3394500,Pinus sylvestris
4550000,3242500,Pinus sylvestris
4387500,3325500,Pinus sylvestris
4514500,3356500,Pinus sylvestris
4465500,3033500,Pinus sylvestris
4469500,3275000,Pinus sylvestris
4420500,3346500,Pinus sylvestris
4623500,3226500,Pinus sylvestris
4512500,3358500,Pinus sylvestris
4567500,3222500,Pinus sylvestris
4547500,3321500,Pinus sylvestris
4640500,3211500,Pinus sylvestris
4503500,3180500,Pinus sylvestris
4524500,3349500,Pinus sylvestris
4398500,2897500,Pinus sylvestris
4368500,3410500,Pinus sylvestris
4581500,3226500,Pinus sylvestris
4392500,3277500,Pinus sylvestris
4531500,3181500,Pinus sylvestris
4607500,3147500,Pinus sylvestris
4390500,3345500,Pinus sylvestris
4459500,3315500,Pinus sylvestris
4423500,3302500,Pinus sylvestris
4501500,3388500,Pinus sylvestris
4204500,2914500,Pinus sylvestris
4406500,3073500,Pinus sylvestris
4576500,3219500,Pinus sylvestris
4501500,3211000,Pinus sylvestris
4530000,3227000,Pinus sylvestris
4599500,3224500,Pinus sylvestris
4616500,3213500,Pinus sylvestris
4408500,3371500,Pinus sylvestris
4394500,3351500,Pinus sylvestris
4541500,3237500,Pinus sylvestris
4479500,3387500,Pinus sylvestris
4565500,3226500,Pinus sylvestris
4523500,3193500,Pinus sylvestris
4370500,3412500,Pinus sylvestris
4551500,3161500,Pinus sylvestris
4615500,3233500,Pinus sylvestris
4594500,3248500,Pinus sylvestris
4558500,3206500,Pinus sylvestris
4451500,3323500,Pinus sylvestris
4137000,3265000,Pinus sylvestris
4662500,3162500,Pinus sylvestris
4475500,3385500,Pinus sylvestris
4407500,3317500,Pinus sylvestris
4562500,3238500,Pinus sylvestris
4402500,3355500,Pinus sylvestris
4356500,3292500,Pinus sylvestris
4528500,3365500,Pinus sylvestris
4542500,3229500,Pinus sylvestris
4394500,2901000,Pinus sylvestris
4530500,3197500,Pinus sylvestris
4399500,3313500,Pinus sylvestris
4402500,3073500,Pinus sylvestris
4541500,3249500,Pinus sylvestris
4394500,2909500,Pinus sylvestris
4542500,3355500,Pinus sylvestris
4583500,3145500,Pinus sylvestris
4502000,3355000,Pinus sylvestris
4500500,3276500,Pinus sylvestris
4522500,3221500,Pinus sylvestris
4522500,3347500,Pinus sylvestris
4628500,3154500,Pinus sylvestris
4570500,3445500,Pinus sylvestris
4505500,3376500,Pinus sylvestris
4436500,3266500,Pinus sylvestris
4575500,3409500,Pinus sylvestris
4586500,3179500,Pinus sylvestris
4576500,3162500,Pinus sylvestris
4428500,3358500,Pinus sylvestris
4409500,2969500,Pinus sylvestris
4537500,3163500,Pinus sylvestris
4390500,2905500,Pinus sylvestris
4551500,3329500,Pinus sylvestris
4469500,3115500,Pinus sylvestris
4487500,3176500,Pinus sylvestris
4218500,2798500,Pinus sylvestris
4402500,3349500,Pinus sylvestris
4583500,3235500,Pinus sylvestris
4580500,3335500,Pinus sylvestris
4517500,3163000,Pinus sylvestris
4577500,3207500,Pinus sylvestris
4481500,3387500,Pinus sylvestris
4593500,3256500,Pinus sylvestris
4503500,3380500,Pinus sylvestris
4518500,3354500,Pinus sylvestris
4342500,3320500,Pinus sylvestris
4616500,3221500,Pinus sylvestris
4535500,3169500,Pinus sylvestris
4542500,3357500,Pinus sylvestris
4540500,3501500,Pinus sylvestris
4578500,3411500,Pinus sylvestris
4511500,3160500,Pinus sylvestris
4405500,3067500,Pinus sylvestris
4513500,3240500,Pinus sylvestris
4606500,3189500,Pinus sylvestris
4526500,3205500,Pinus sylvestris
4413500,2969500,Pinus sylvestris
4575500,3397500,Pinus sylvestris
4611500,3225500,Pinus sylvestris
4581500,3207500,Pinus sylvestris
4419500,3322500,Pinus sylvestris
4604500,3156500,Pinus sylvestris
4657500,3148500,Pinus sylvestris
4414500,3348500,Pinus sylvestris
4422500,3360500,Pinus sylvestris
4627500,3234500,Pinus sylvestris
4595500,3224500,Pinus sylvestris
4630500,3238500,Pinus sylvestris
4584500,3211500,Pinus sylvestris
4433500,2942500,Pinus sylvestris
4515500,3328500,Pinus sylvestris
4587500,3235500,Pinus sylvestris
4473500,3255500,Pinus sylvestris
4563500,3174500,Pinus sylvestris
4093500,2971500,Pinus sylvestris
4485500,3236500,Pinus sylvestris
4472500,3267500,Pinus sylvestris
4190500,2916500,Pinus sylvestris
4594500,3180500,Pinus sylvestris
4602500,3154500,Pinus sylvestris
4410500,3342500,Pinus sylvestris
4461500,3409500,Pinus sylvestris
4400500,3343500,Pinus sylvestris
4538500,3361500,Pinus sylvestris
4619500,3234500,Pinus sylvestris
4383500,3337500,Pinus sylvestris
4486000,3291000,Pinus sylvestris
4518500,3366500,Pinus sylvestris
4575500,3235500,Pinus sylvestris
4365500,3084500,Pinus sylvestris
4452500,3073500,Pinus sylvestris
4574500,3307500,Pinus sylvestris
4573500,3311500,Pinus sylvestris
4329500,3296500,Pinus sylvestris
4584500,3163500,Pinus sylvestris
4629500,3226500,Pinus sylvestris
4516500,3362500,Pinus sylvestris
4414500,3344500,Pinus sylvestris
4465500,3243500,Pinus sylvestris
4492500,3292500,Pinus sylvestris
4398500,3415500,Pinus sylvestris
4624500,3158500,Pinus sylvestris
4345500,3308500,Pinus sylvestris
4540500,3289500,Pinus sylvestris
4514500,3196500,Pinus sylvestris
4326500,3316500,Pinus sylvestris
4404500,3281500,Pinus sylvestris
4396500,3349500,Pinus sylvestris
4471500,3387500,Pinus sylvestris
4361500,3376500,Pinus sylvestris
4647500,3175500,Pinus sylvestris
4598000,3274500,Pinus sylvestris
4638500,3165500,Pinus sylvestris
4487500,3336500,Pinus sylvestris
4667500,3139500,Pinus sylvestris
4624500,3222500,Pinus sylvestris
4400500,3355500,Pinus sylvestris
4620500,3154500,Pinus sylvestris
4420500,3342500,Pinus sylvestris
4220500,2912500,Pinus sylvestris
4597500,3226500,Pinus sylvestris
4390500,2901500,Pinus sylvestris
4613500,3141500,Pinus sylvestris
4404500,3357500,Pinus sylvestris
4630500,3190500,Pinus sylvestris
4592500,3152500,Pinus sylvestris
4567500,3226500,Pinus sylvestris
4582500,3179500,Pinus sylvestris
4526500,3351500,Pinus sylvestris
4196500,2914500,Pinus sylvestris
4413500,3262500,Pinus sylvestris
4555500,3165500,Pinus sylvestris
4424500,3358500,Pinus sylvestris
4497500,3232500,Pinus sylvestris
4522500,3217500,Pinus sylvestris
4631500,3144500,Pinus sylvestris
4645500,3226500,Pinus sylvestris
4647500,3179500,Pinus sylvestris
4464500,3291500,Pinus sylvestris
4392500,3273500,Pinus sylvestris
4469500,3389500,Pinus sylvestris
4435500,3388500,Pinus sylvestris
4485500,3232500,Pinus sylvestris
4513500,3242500,Pinus sylvestris
4553500,3241500,Pinus sylvestris
4411500,3326500,Pinus sylvestris
4510500,3228500,Pinus sylvestris
4520500,3345500,Pinus sylvestris
4403500,3317500,Pinus sylvestris
4502000,3275000,Pinus sylvestris
4470000,3275000,Pinus sylvestris
4481500,3385500,Pinus sylvestris
4550500,3213500,Pinus sylvestris
4629500,3168500,Pinus sylvestris
4463500,3311500,Pinus sylvestris
4620500,3210500,Pinus sylvestris
4330500,3328500,Pinus sylvestris
4408500,2907500,Pinus sylvestris
4584500,3133500,Pinus sylvestris
4424500,3282500,Pinus sylvestris
4533500,3179000,Pinus sylvestris
4396500,3355500,Pinus sylvestris
4517500,3236500,Pinus sylvestris
4432500,3294500,Pinus sylvestris
4402500,3357500,Pinus sylvestris
4461500,3255500,Pinus sylvestris
4531500,3177500,Pinus sylvestris
4416500,3340500,Pinus sylvestris
4306500,3321500,Pinus sylvestris
4461500,3235500,Pinus sylvestris
4669500,3141500,Pinus sylvestris
4533500,3245500,Pinus sylvestris
4620500,3214500,Pinus sylvestris
4441500,3238500,Pinus sylvestris
4645500,3146500,Pinus sylvestris
4475500,3331500,Pinus sylvestris
4546500,3349500,Pinus sylvestris
4546500,3413500,Pinus sylvestris
4509500,3240500,Pinus sylvestris
4287500,3291500,Pinus sylvestris
4519500,3316500,Pinus sylvestris
4508500,3358500,Pinus sylvestris
4410500,3355500,Pinus sylvestris
4406500,3371500,Pinus sylvestris
4640500,3219500,Pinus sylvestris
4596500,3386500,Pinus sylvestris
4461500,3243500,Pinus sylvestris
4518500,3204500,Pinus sylvestris
4470500,3211500,Pinus sylvestris
4618500,3242500,Pinus sylvestris
4565500,3310500,Pinus sylvestris
4632500,3214500,Pinus sylvestris
4549500,3237500,Pinus sylvestris
4629500,3210000,Pinus sylvestris
4502000,3339000,Pinus sylvestris
4533500,3233500,Pinus sylvestris
4624500,3218500,Pinus sylvestris
4468500,3279500,Pinus sylvestris
4557500,3249500,Pinus sylvestris
4414500,3370500,Pinus sylvestris
4203500,3284500,Pinus sylvestris
4634500,3187500,Pinus sylvestris
4624500,3210500,Pinus sylvestris
4406500,3345500,Pinus sylvestris
4310500,3073500,Pinus sylvestris
4413500,3376500,Pinus sylvestris
4539500,3189500,Pinus sylvestris
4559500,3190500,Pinus sylvestris
4512500,3356500,Pinus sylvestris
4412500,3362500,Pinus sylvestris
4603500,3229500,Pinus sylvestris
4402500,3343500,Pinus sylvestris
4615500,3225500,Pinus sylvestris
4410500,3073500,Pinus sylvestris
4473500,3385500,Pinus sylvestris
4417500,3262500,Pinus sylvestris
4571500,3222500,Pinus sylvestris
4467500,3391500,Pinus sylvestris
4441500,3234500,Pinus sylvestris
4400500,3349500,Pinus sylvestris
4526500,3367500,Pinus sylvestris
4580500,3229000,Pinus sylvestris
4510500,3350500,Pinus sylvestris
4516500,3358500,Pinus sylvestris
4466500,3361500,Pinus sylvestris
4460500,3283500,Pinus sylvestris
4564500,3218500,Pinus sylvestris
4583500,3137500,Pinus sylvestris
4393500,2891500,Pinus sylvestris
4574500,3247500,Pinus sylvestris
4636500,3211500,Pinus sylvestris
4636500,3159500,Pinus sylvestris
4420500,3370500,Pinus sylvestris
4595500,3404500,Pinus sylvestris
4266500,2921500,Pinus sylvestris
4398500,3353500,Pinus sylvestris
4070500,3071500,Quercus petraea
4440500,3134500,Quercus petraea
4153500,2957500,Quercus petraea
4376500,3148500,Quercus petraea
4127500,3018500,Quercus petraea
4075500,2934500,Quercus petraea
4131500,2975500,Quercus petraea
4355500,2954500,Quercus petraea
4214500,3046500,Quercus petraea
4544500,3079500,Quercus petraea
4301500,3281500,Quercus petraea
4253500,3009500,Quercus petraea
4364500,3152500,Quercus petraea
4478500,3137500,Quercus petraea
4076500,2948500,Quercus petraea
4086500,2958500,Quercus petraea
4143500,2965500,Quercus petraea
4076500,2950500,Quercus petraea
4222500,3050500,Quercus petraea
4418500,3070500,Quercus petraea
4390500,3143500,Quercus petraea
4099500,3041500,Quercus petraea
4140500,2945500,Quercus petraea
4580500,3091500,Quercus petraea
4104500,2999500,Quercus petraea
4104500,2983500,Quercus petraea
4408500,3071500,Quercus petraea
4119500,3012500,Quercus petraea
4478500,3443500,Quercus petraea
4129500,3012500,Quercus petraea
4151500,2963500,Quercus petraea
4103500,2967500,Quercus petraea
4247500,2865500,Quercus petraea
4089500,2974500,Quercus petraea
4157500,2995500,Quercus petraea
4194500,3038500,Quercus petraea
4529500,3257500,Quercus petraea
4116500,2954500,Quercus petraea
4339500,3440500,Quercus petraea
4398500,3081500,Quercus petraea
4104500,2993500,Quercus petraea
4120500,2990500,Quercus petraea
4123500,3016500,Quercus petraea
4098500,2983500,Quercus petraea
4142500,3143500,Quercus petraea
4247500,3109500,Quercus petraea
4359500,3020500,Quercus petraea
4149500,3023500,Quercus petraea
4155500,2999500,Quercus petraea
4154500,2943500,Quercus petraea
4076500,2946500,Quercus petraea
4353500,3248500,Quercus petraea
4145500,2965500,Quercus petraea
4125500,2942500,Quercus petraea
4084500,2955500,Quercus petraea
4146500,2937500,Quercus petraea
4291500,2855500,Quercus petraea
4141500,3007500,Quercus petraea
4348500,2944500,Quercus petraea
4163500,2975500,Quercus petraea
4572500,3393500,Quercus petraea
4629500,3214500,Quercus petraea
4352500,2940500,Quercus petraea
4155500,3003500,Quercus petraea
4472500,3053500,Quercus petraea
4191500,2866500,Quercus petraea
4059500,3013500,Quercus petraea
4230500,3074500,Quercus petraea
4214500,3090500,Quercus petraea
4349500,3012500,Quercus petraea
4309500,2969500,Quercus petraea
4150500,2947500,Quercus petraea
4582500,3191500,Quercus petraea
4337000,2980500,Quercus petraea
4122500,2988500,Quercus petraea
4058500,3001500,Quercus petraea
4211500,2868500,Quercus petraea
4382500,3429500,Quercus robur
4182500,3346500,Quercus robur
4220500,3202500,Quercus robur
4131500,2979500,Quercus robur
4428500,3298500,Quercus robur
4362500,3370500,Quercus robur
4229500,2860500,Quercus robur
4477500,3091500,Quercus robur
4166500,2893500,Quercus robur
4410500,3414500,Quercus robur
4326500,2908500,Quercus robur
4148500,3055500,Quercus robur
4425500,3402500,Quercus robur
4576500,2838500,Quercus robur
4509500,3248500,Quercus robur
4417500,3250500,Quercus robur
4385500,3245500,Quercus robur
4528500,3423500,Quercus robur
4253500,3273500,Quercus robur
4310500,3065500,Quercus robur
4181500,3290500,Quercus robur
4290500,2933500,Quercus robur
4519500,3184500,Quercus robur
4149500,3199500,Quercus robur
4486500,3129500,Quercus robur
4484500,3370500,Quercus robur
4298500,3483500,Quercus robur
4184500,3356500,Quercus robur
4494500,3196500,Quercus robur
4573500,3409500,Quercus robur
4180500,3048500,Quercus robur
4447500,3311500,Quercus robur
4268500,3205500,Quercus robur
4132500,3027500,Quercus robur
4068500,3095500,Quercus robur
4151500,2959500,Quercus robur
4416500,2982500,Quercus robur
4133500,2939500,Quercus robur
4063500,2973500,Quercus robur
4369500,3264500,Quercus robur
4284500,3507500,Quercus robur
4420500,3302500,Quercus robur
4202500,2924500,Quercus robur
4187500,3170500,Quercus robur
4657500,3118500,Quercus robur
4199500,3316500,Quercus robur
4296500,3355500,Quercus robur
4148500,3289500,Quercus robur
4075500,3155500,Quercus robur
4176500,3056500,Quercus robur
4521500,3387500,Quercus robur
4213500,2982500,Quercus robur
4186500,3090500,Quercus robur
4276500,3347500,Quercus robur
4139500,3273500,Quercus robur
4060500,3111500,Quercus robur
4160500,2737500,Quercus robur
4185500,3278500,Quercus robur
4097500,2965500,Quercus robur
4172500,3186500,Quercus robur
4178500,3318500,Quercus robur
4215500,3288500,Quercus robur
4397500,3261500,Quercus robur
4288500,3363500,Quercus robur
4128500,2952500,Quercus robur
4340500,3380500,Quercus robur
4365500,3374500,Quercus robur
4313500,2859500,Quercus robur
4153500,3311500,Quercus robur
4642500,3127500,Quercus robur
4349500,3430500,Quercus robur
4355500,3454500,Quercus robur
4317500,3402500,Quercus robur
4081500,3190500,Quercus robur
4393500,2949500,Quercus robur
4133500,3192500,Quercus robur
4502500,3208500,Quercus robur
4202500,3034500,Quercus robur
4073500,3131500,Quercus robur
4277500,3439500,Quercus robur
4332500,3216500,Quercus robur
4573500,3407500,Quercus robur
4408500,3359500,Quercus robur
4385500,2789500,Quercus robur
4509500,3472500,Quercus robur
4476500,2987500,Quercus robur
4160500,2735500,Quercus robur
4342500,2796500,Quercus robur
4149500,3203500,Quercus robur
4474500,3423500,Quercus robur
4555500,3378500,Quercus robur
4251500,3271500,Quercus robur
4347500,3140500,Quercus robur
4324500,3462500,Quercus robur
4438500,3222500,Quercus robur
4137500,2927500,Quercus robur
4566500,3390500,Quercus robur
4175500,3280500,Quercus robur
4074500,3139500,Quercus robur
4197500,3282500,Quercus robur
4138500,3027500,Quercus robur
4464500,3427500,Quercus robur
4448500,3299500,Quercus robur
4543500,3111500,Quercus robur
4527500,3477500,Quercus robur
4512500,3366500,Quercus robur
4124500,3024500,Quercus robur
4227500,3110500,Sorbus aucuparia
4362500,3064500,Sorbus aucuparia
4148500,3319500,Sorbus aucuparia
4444500,3434500,Sorbus aucuparia
4521500,3046500,Sorbus aucuparia
4091500,3042500,Sorbus aucuparia
4589500,3079500,Sorbus aucuparia
4424500,3416500,Sorbus aucuparia
4318500,3356500,Sorbus aucuparia
